data_id,iso,event_id_cnty,event_id_no_cnty,event_date,year,time_precision,event_type,sub_event_type,actor1,assoc_actor_1,inter1,actor2,assoc_actor_2,inter2,interaction,region,country,admin1,admin2,admin3,location,latitude,longitude,geo_precision,source,source_scale,notes,fatalities,timestamp,iso3
5129360,356,IND50459,50459,13-Apr-19,2019,1,Protest/Riot,Violent demonstration,Rioters (India),BJD: Biju Janata Dal,5,Rioters (India),,5,55,Southern Asia,India,Odisha,Puri,Brahmagiri,Bijipur,19.9465,85.6643,1,Orissa TV,National,"On 13 April, residents of Bijipur village of Brahmagiri in Puri district (Odisha) clashed with BJD workers during a demonstration against BJD MLA, Sanjay Das Burma over chit funds. [size=no report]",0,1555409436,IND
5129379,356,IND50466,50466,13-Apr-19,2019,1,Protest/Riot,Mob violence,Rioters (India),BJP: Bharatiya Janata Party,5,Rioters (India),JD(U): Janata Dal (United),5,55,Southern Asia,India,Bihar,Vaishali,Hajipur,Hajipur,25.6861,85.2143,1,Early Times (India),National,"On 13 April, workers of BJP and JDU clashed with each other seeking a mandate for the construction ahead of the launch of poll manifesto in Hajipur in Vaishali district (Bihar). [size=no report]",0,1555409436,IND
5129436,356,IND50463,50463,13-Apr-19,2019,1,Protest/Riot,Peaceful protest,Protesters (India),Health Workers (India),6,,,0,60,Southern Asia,India,Punjab,Bathinda,Bathinda,Bathinda,30.2108,74.9452,1,Chandigarh Tribune,Subnational,"On 13 April, doctors affiliated with the Punjab Civil Medical Services shouted slogans and demonstrated at the Civil Hospital in Bathinda city (Punjab) to demand action against the person who assaulted ER doctors the previous day. [size=no report]",0,1555409436,IND
5129437,356,IND50469,50469,13-Apr-19,2019,1,Protest/Riot,Peaceful protest,Protesters (India),Hindu Group (India),6,,,0,60,Southern Asia,India,Kerala,Thiruvananthapuram,Thiruvananthapuram,Thiruvananthapuram,8.4855,76.9492,1,Economic Times (India),National,"On 13 Apr, in Thiruvananthapuram (Thiruvananthapuram, Kerala), activists of Hindu organizations, including Kolathur Adavaitha Ashram, held a 'namajapa' protest by chanting Lord Ayyappa hymns near the god's picture in front of the Secretariat. The protesters are against the alleged mass imposition of cases against them in connection with the Sabarimala agitation. [size=no report]",0,1555409436,IND
5129460,356,IND50465,50465,13-Apr-19,2019,1,Protest/Riot,Protest with intervention,Protesters (India),KKU: Kirti Kisan Union; Farmers (India),6,Police Forces of India (2014-),,1,16,Southern Asia,India,Punjab,Patiala,Patiala,Patiala,30.3362,76.3922,1,Chandigarh Tribune,Subnational,"On 13 April, hundreds of KKU affiliated farmers held a demonstration march towards the CM's residence, but were stopped by the police at Polo Ground in Patiala city (Punjab). Demonstrators shouted slogans to press for a series of demands including the sowing of paddy from June 1. [size=hundreds]",0,1555409436,IND
5129478,356,IND50471,50471,13-Apr-19,2019,1,Protest/Riot,Peaceful protest,Protesters (India),Labour Group (India),6,,,0,60,Southern Asia,India,Jammu and Kashmir,Udhampur,Majalta,Majalta,32.7307,75.173,1,Daily Excelsior,Subnational,"On 13 Apr, PHE workers staged a protest at Majalta town (Udhampur, J&K), demanding the release of unpaid wages. [size=large number]",0,1555409436,IND
5129488,356,IND50462,50462,13-Apr-19,2019,1,Protest/Riot,Peaceful protest,Protesters (India),Labour Group (India),6,,,0,60,Southern Asia,India,NCT of Delhi,New Delhi,,Delhi-New Delhi,28.6357,77.2244,1,Hindustan Times (India),National,"On 13 April, employees of Jet Airways demonstrated outside the Indira Gandhi International Airport in Delhi (NCT of Delhi) to demand the release of pending salaries. [size=no report]",0,1555409436,IND
5129601,356,IND50468,50468,13-Apr-19,2019,1,Protest/Riot,Protest with intervention,Protesters (India),Teachers (India); Labour Group (India),6,Police Forces of India (2014-),,1,16,Southern Asia,India,Telangana,Hyderabad,Hyderabad,Hyderabad,17.384,78.4563,1,Hans India,Subnational,"On 13 Apr, in Hyderabad (Hyderabad, Telangana), civil society organisations, including Democratic Teachers Federation, staged a protest at TNGOs Bhavan at Nampally demanding the release of writer Vara Vara Rao from jail. The police took some teachers into custody. [size=no report]",0,1555409436,IND
5129650,356,IND50467,50467,13-Apr-19,2019,1,Protest/Riot,Peaceful protest,Protesters (India),"YSRCP: Yuvajana, Sramika, Rythu Congress Party",6,,,0,60,Southern Asia,India,Andhra Pradesh,Guntur,Tadepalle,Tadepalle,16.4846,80.6068,1,Hans India,Subnational,"On 13 Apr, in Tadepalle (Guntur, AP), YSRCP activists, including their candidate, staged a protest dharna in front of Tadepalli police station demanding to withdraw cases against YSRCP activists who were allegedly booked on the instructions of TDP leaders. [size=no report]",0,1555409436,IND
5129389,356,IND50433,50433,12-Apr-19,2019,1,Protest/Riot,Peaceful protest,Protesters (India),BJP: Bharatiya Janata Party,6,,,0,60,Southern Asia,India,Odisha,Ganjam,Hinjilicut,Hinjilicut,19.4816,84.7448,1,Orissa TV,National,"On 12 April, BJP candidate Pitambar Acharya (assumed with his supporters) sat on dharna at Sergada Police Station in Hinjili (Odisha) alleging that the BJP workers are being threatened in violation of the Election Commission's guidelines of a free, fair and peaceful poll. [size=no report]",0,1555409436,IND
5129412,356,IND50434,50434,12-Apr-19,2019,1,Protest/Riot,Peaceful protest,Protesters (India),Dalit Caste Group (India),6,,,0,60,Southern Asia,India,Uttar Pradesh,Azamgarh,Azamgarh,Jahanaganj,25.9592,83.2714,1,Times of India,National,"On 12 April, locals blocked the road in Loniadih village in Jahanganj block (Azamgarh, Uttar Pradesh) to demonstrate against the vandalism of a statue of Ambedkar (former Dalit leader). [size=no report]",0,1555409436,IND
5129424,356,IND50450,50450,12-Apr-19,2019,1,Protest/Riot,Peaceful protest,Protesters (India),Farmers (India),6,,,0,60,Southern Asia,India,Karnataka,Kodagu,Madikeri,Madikeri,12.4242,75.738,1,Deccan Herald,Subnational,"On 12 Apr, in Madikeri (Kodagu, Karnataka), farmers, including the Karnataka Rajya Raitha Sangha and Hasiru Sene district unit, staged a vehicle rally from Kutta to the deputy commissioner's office demanding the government to address issues such as loan waivers, smuggling of poor-quality peppers, among others. [size=no report]",0,1555409436,IND
5129353,356,IND50084,50084,7-Apr-19,2019,1,Protest/Riot,Peaceful protest,Protesters (India),AIMC: All India Mahila Congress,6,,,0,60,Southern Asia,India,Odisha,Nabarangpur,Nabarangpur,Nabarangpur,19.228,82.5471,2,Orissa TV,Subnational,"On 7 April, the Mahila Congress held a protest rally in Nabarangpur district (Odisha) against the BJD who are accusing Congressman Pradeep Majhi of sexual misconduct. [size=no report]",0,1555409436,IND
5129359,356,IND50080,50080,7-Apr-19,2019,1,Protest/Riot,Mob violence,Rioters (India),BJD: Biju Janata Dal,5,Civilians (India),BJD: Biju Janata Dal,7,57,Southern Asia,India,Odisha,Boudh,Kantamal,Ratakhandi,20.5003,83.5524,1,Orissa TV,National,"On 7 April, a group of BJD workers damaged the vehicle of Kantamal BJD MLA candidate Mahidhar Rana in Ratakhandi village under Ghikundi panchayat in Boudh district (Odisha). [size=no report]",0,1555409436,IND
5123559,356,IND49223,49223,6-Apr-19,2019,1,Protest/Riot,Mob violence,Rioters (India),BJD: Biju Janata Dal,5,Rioters (India),BJD: Biju Janata Dal,5,55,Southern Asia,India,Odisha,Jagatsinghapur,Jagatsinghapur,Jagatsinghapur,20.2557,86.1711,1,Orissa TV,Subnational,"On 6 April, volunteers of Jagatsinghpur BJD leader Amarendra Das scuffled with BJD candidate Prasant Muduli in Jagatsinghpur town (Odisha), while the latter was conducting a roadshow. [size=no report]",0,1554814195,IND
5123456,356,IND49109,49109,3-Apr-19,2019,1,Protest/Riot,Peaceful protest,Protesters (India),BJP: Bharatiya Janata Party,6,,,0,60,Southern Asia,India,Odisha,Khordha,Bhubaneswar,Bhubaneswar,20.2724,85.8338,1,Orissa TV,Subnational,"On 3 April, BJP leaders staged dharna in front of Naveen Niwas, the Chief Minister's residence in Bhubaneshwar city (Odisha), demanding State government to accept the resignation letter of saffron party's Saraskana Assembly candidate Budhan Murmu. [size=no report]",0,1554814195,IND
5123412,356,IND49060,49060,2-Apr-19,2019,1,Protest/Riot,Peaceful protest,Protesters (India),Students (India),6,,,0,60,Southern Asia,India,Odisha,Cuttack,Cuttack,Cuttack,20.4636,85.8826,1,Orissa TV,Subnational,"On 2 April, students of Ravenshaw University in Cuttack city (Odisha) staged a demonstration in front of the Vice Chancellor's office and gheraoed him protesting inaction over thrashing of an under graduate (UG) girl student by another senior in Kathajodi girls hostel. [size=no report]",0,1554814195,IND
5129520,356,IND50329,50329,11-Apr-19,2019,1,Protest/Riot,Mob violence,Rioters (India),TDP: Telugu Desam Party,5,Civilians (India),"YSRCP: Yuvajana, Sramika, Rythu Congress Party",7,57,Southern Asia,India,Andhra Pradesh,Vizianagaram,Jiyyammavalasa,Chinna Kudama,18.7772,83.5359,1,Times of India,National,"On 11 Apr, in Chinna Kudama village in Jiyyammavalasa (Vizianagaram, AP), TDP workers and a YSRCP candidate prevented each other from entering a poll booth during the AP general elections. A TDP member assaulted the rival candidate and detained her but the locals was able to rescue her and bring her to a hospital. [size=no report]",0,1555409436,IND
5123350,356,IND48985,48985,1-Apr-19,2019,1,Protest/Riot,Peaceful protest,Protesters (India),INC: Indian National Congress,6,,,0,60,Southern Asia,India,Karnataka,Dakshina Kannada,Mangaluru,Mangaluru,12.9172,74.856,1,Deccan Herald,Subnational,"On 1 Apr, at Kadri in Mangaluru city (Dakshina Kannada, Karnataka), Congress members staged a protest at the Vijaya Bank Mallikatte branch against the merger of Vijaya Bank with Bank of Baroda. [size=no report]",0,1554814195,IND
5129486,356,IND50352,50352,11-Apr-19,2019,1,Protest/Riot,Peaceful protest,Protesters (India),Labour Group (India),6,,,0,60,Southern Asia,India,Telangana,Vikarabad,Tandur,Tandur,17.2583,77.5873,2,Hans India,Subnational,"On 11 Apr, in Tandur tehsil (Vikarabad, Telangana), polling staff staged a protest against a Sub-Inspector who vented his anger on a journalist who questioned him during the Telangana general elections. [size=no report]",0,1555409436,IND
5129522,356,IND50297,50297,11-Apr-19,2019,1,Protest/Riot,Mob violence,Rioters (India),TDP: Telugu Desam Party,5,Civilians (India),"YSRCP: Yuvajana, Sramika, Rythu Congress Party",7,57,Southern Asia,India,Andhra Pradesh,Kadapa,Mydukur,Jandravaram,14.7199,78.8587,1,Hans India,Subnational,"On 11 Apr, in Jandravaram village in Mydukur tehsil (Kadapa, AP), TDP functionaries assaulted a YSRCP booth agent and destroyed his lemon garden during the AP general elections. [size=no report]",0,1555409436,IND
5129527,356,IND50274,50274,11-Apr-19,2019,1,Protest/Riot,Mob violence,Rioters (India),TDP: Telugu Desam Party,5,Police Forces of India (2014-),"Civilians (India); YSRCP: Yuvajana, Sramika, Rythu Congress Party",1,15,Southern Asia,India,Andhra Pradesh,Chittoor,Ramachandrapuram,Ravilavaripalli,13.5501,79.4488,1,Hans India,Subnational,"On 11 Apr, in Ravilavaripalli in Ramachandrapuram (Chittoor, AP), police officers forcibly dispersed TDP activists who allegedly tried to attack and hurl stones at a YSRCP candidate (Chevireddy Bhaskar Reddy) who came to observe the voting during the AP general elections in the village. [size=no report]",0,1555409436,IND
5129533,356,IND50278,50278,11-Apr-19,2019,1,Protest/Riot,Mob violence,Rioters (India),TDP: Telugu Desam Party,5,Rioters (India),"YSRCP: Yuvajana, Sramika, Rythu Congress Party",5,55,Southern Asia,India,Andhra Pradesh,Guntur,Dachepalle,Tangeda,16.6674,79.8171,1,Hans India,Subnational,"On 11 Apr, in Guntur district (AP), YSRCP activists clashed with TDP workers who attempted to rig a polling booth. YSRCP activists were severely beaten by TDP activists. [size=no report]",0,1555409436,IND
5129534,356,IND50279,50279,11-Apr-19,2019,1,Protest/Riot,Mob violence,Rioters (India),TDP: Telugu Desam Party,5,Rioters (India),"YSRCP: Yuvajana, Sramika, Rythu Congress Party",5,55,Southern Asia,India,Andhra Pradesh,Guntur,Durgi,Durgi,16.4259,79.5404,2,Hans India,Subnational,"On 11 Apr, in Durgi tehsil (Guntur, AP), during the AP general elections, TDP and YSRCP workers pelted stones at each other, injuring YSRCP activists. Police warned the clashing groups. [size=no report]",0,1555409436,IND
5129558,356,IND50295,50295,11-Apr-19,2019,1,Protest/Riot,Mob violence,Rioters (India),TDP: Telugu Desam Party,5,Rioters (India),"YSRCP: Yuvajana, Sramika, Rythu Congress Party",5,55,Southern Asia,India,Andhra Pradesh,Kadapa,Simhadripuram,Simhadripuram,14.6299,78.128,1,Hans India,Subnational,"On 11 Apr, in Simhadripuram village (Kadapa, AP), TDP and YSRCP workers clashed after an argument as both the parties tried to lure the voters with money and other valuables during the AP general elections. At least one person was injured. [size=no report]",0,1555409436,IND
5129701,356,IND50376,50376,11-Apr-19,2019,1,Protest/Riot,Mob violence,Rioters (India),,5,Police Forces of India (2014-),,1,15,Southern Asia,India,Jammu and Kashmir,Kupwara,Handwara,Langate,34.3763,74.3074,1,Daily Excelsior,Subnational,"On 11 Apr, in Langate town a poll staff and two policemen were injured when rioters pelted stones at their vehicle in Langate town (Kupwara, J&K) as it returned from a polling station during elections in the area. [size=no report]",0,1555409436,IND
5129706,356,IND50377,50377,11-Apr-19,2019,1,Protest/Riot,Protest with intervention,Protesters (India),,6,Police Forces of India (2014-),,1,16,Southern Asia,India,Jammu and Kashmir,Kishtwar,Kishtwar,Kishtwar,33.3135,75.7673,1,Daily Excelsior,Subnational,"On 11 Apr, police intervened as youths attempted to carry out protests in Kishtwar town (J&K) during a curfew in response the earlier killing of a RSS worker and his PSO. [size=no report]",0,1555409436,IND
5129691,356,IND50218,50218,10-Apr-19,2019,1,Protest/Riot,Protest with intervention,Protesters (India),,6,Military Forces of India (2014-),,1,16,Southern Asia,India,Jammu and Kashmir,Leh,Leh,Spangmik,33.9082,78.4597,2,Daily Excelsior,Subnational,"On 10 Apr, locals of Spangmik village (Leh, J&K) staged a protest march from their village towards the Chinese border to protest against the demolition of tourist camps by the district administration. The military intercepted them at the border. [size=twelve households]",0,1555409436,IND
5129780,356,IND50220,50220,10-Apr-19,2019,1,Protest/Riot,Peaceful protest,Protesters (India),,6,,,0,60,Southern Asia,India,Jammu and Kashmir,Samba,Samba,Ramgarh,32.507,74.9626,1,Daily Excelsior,Subnational,"On 10 Apr, locals of Bagrota village staged a protest at Ramgarh town (Samba, J&K) against the shifting of a polling station from their village to Pakhri village. [size=large number]",0,1555409436,IND
5129358,356,IND50177,50177,9-Apr-19,2019,1,Protest/Riot,Peaceful protest,Protesters (India),Bajrang Dal; VHP: Vishwa Hindu Parishad,6,,,0,60,Southern Asia,India,Jammu and Kashmir,Poonch,Haveli,Poonch,33.7703,74.0925,1,Daily Excelsior,Subnational,"On 9 Apr, Bajrang Dal and VHP activists staged a protest and torched effigies at Poonch district town (J&K) in response to the earlier killing of a RSS worker and his PSO in Kishtwar town. [size=no report]",0,1555409436,IND
5123541,356,IND49199,49199,5-Apr-19,2019,1,Protest/Riot,Peaceful protest,Protesters (India),,6,,,0,60,Southern Asia,India,Jammu and Kashmir,Poonch,Mendhar,Bhati Dar,33.6083,74.1563,2,Daily Excelsior,Subnational,"On 5 Apr, locals staged a protest in the Bhati Dar area of Mendhar tehsil (Poonch, J&K) against PWD authorities following a motorcyclist's death in a collision with a road roller. [size=no report]",0,1554814195,IND
5123460,356,IND49113,49113,3-Apr-19,2019,1,Protest/Riot,Peaceful protest,Protesters (India),Labour Group (India),6,,,0,60,Southern Asia,India,Jammu and Kashmir,Kathua,Kathua,Kathua,32.3867,75.5174,1,Daily Excelsior,National,"On 3 Apr, the All J&K PHE ITI Trained and CP Workers and Land Donors and Imprest Wagers Association staged a protest in Kathua district town (J&K), demanding regularisation and the release of unpaid wages. [size=large number]",0,1554814195,IND
5123413,356,IND49063,49063,2-Apr-19,2019,1,Protest/Riot,Peaceful protest,Protesters (India),DF: Dogra Front; Shiv Sena,6,,,0,60,Southern Asia,India,Jammu and Kashmir,Jammu,Jammu,Jammu,32.7357,74.8691,1,Daily Excelsior,Subnational,"On 2 Apr, DF and Shiv Sena activists staged a protest in Jammu city (J&K) against alleged anti-India sloganeering by a Kashmir-based political party. [size=no report]",0,1554814195,IND
5129427,356,IND50449,50449,12-Apr-19,2019,1,Protest/Riot,Peaceful protest,Protesters (India),Farmers (India),6,,,0,60,Southern Asia,India,Karnataka,Kodagu,Virajpet,Kutta,11.9714,76.0481,1,Deccan Herald,Subnational,"On 12 Apr, in Madikeri (Kodagu, Karnataka), farmers staged a protest at the Kutta bus shelter and formed a human chain demanding the government to address issues such as loan waivers, smuggling of poor-quality peppers, among others. [size=no report]",0,1555409436,IND
5129435,356,IND50458,50458,12-Apr-19,2019,1,Protest/Riot,Peaceful protest,Protesters (India),Health Workers (India),6,,,0,60,Southern Asia,India,Tripura,West Tripura,Agartala,Agartala,23.833,91.2864,1,Telegraph (India),National,"On April 12, doctors held a silent march in Agartala city (West Tripura, Tripura), in protest after a resident surgeon at IGM Hospital was dragged by a group of people and severely assaulted, on April 11. The attack came after a pregnant woman died during labour at the hospital. [size=no report]",0,1555409436,IND
5129468,356,IND50444,50444,12-Apr-19,2019,1,Protest/Riot,Peaceful protest,Protesters (India),Labour Group (India),6,,,0,60,Southern Asia,India,Rajasthan,Jaipur,Jaipur,Jaipur,26.9142,75.7872,1,Times of India,National,"On 12 April, public works department contractors launched a protest in Jaipur city (Rajasthan) for non-payment of dues for the works they had done in the past few months. [size=no report]",0,1555409436,IND
5129476,356,IND50431,50431,12-Apr-19,2019,1,Protest/Riot,Peaceful protest,Protesters (India),Labour Group (India),6,,,0,60,Southern Asia,India,Punjab,Ludhiana,Ludhiana,Ludhiana,30.912,75.8537,1,Chandigarh Tribune,Subnational,"On 12 April, members of the Punjab and UT Employees and Pensioners' Joint Sangarsh Committee demonstrated at Bharat Nagar Chowk Park in Ludhiana city (Punjab) to demand pending dearness allowance and the implementation of the Pay Commission. [size=no report]",0,1555409436,IND
5129477,356,IND50432,50432,12-Apr-19,2019,1,Protest/Riot,Peaceful protest,Protesters (India),Labour Group (India),6,,,0,60,Southern Asia,India,Punjab,Ludhiana,Ludhiana,Ludhiana,30.912,75.8537,1,Chandigarh Tribune,Subnational,"On 12 April, members of the BSNL Employees Union demonstrated in front of the Bharat Nagar Chowk in Ludhiana city (Punjab) to oppose the voluntary retirement scheme. [size=no report]",0,1555409436,IND
5129479,356,IND50440,50440,12-Apr-19,2019,1,Protest/Riot,Peaceful protest,Protesters (India),Labour Group (India),6,,,0,60,Southern Asia,India,Maharashtra,Mumbai City,Mumbai City,Mumbai,19.0728,72.8826,1,Indian Express,National,"On 12 April, Jet Airways' ground staff demonstrated a CSIA airport in Mumbai city (Maharashtra) over the non-payment of salaries. [size=around 500]",0,1555409436,IND
5129480,356,IND50421,50421,12-Apr-19,2019,1,Protest/Riot,Peaceful protest,Protesters (India),Labour Group (India),6,,,0,60,Southern Asia,India,Haryana,Panipat,Panipat,Panipat,29.3874,76.9682,1,Chandigarh Tribune,Subnational,"On 12 April, members of the Haryana State Anaj Mandi Arhtiyas' Association held a dharna at the grain market in Panipat city (Haryana) to oppose the e-trading and direct payment system. Demonstrators who have been on dharna for the past three days, also shouted slogans against the state government. [size=no report]",0,1555409436,IND
5129498,356,IND50416,50416,12-Apr-19,2019,1,Protest/Riot,Mob violence,Rioters (India),SAD: Shiromani Akali Dal,5,Civilians (India),Journalists (India),7,57,Southern Asia,India,Chandigarh,Chandigarh,Chandigarh,Chandigarh,30.7362,76.7884,1,Chandigarh Tribune,Subnational,"On 12 April, a SAD member and brother of the leader of SAD Delhi, assaulted a journalist in Chandigarh city (Chandigarh) after he was questioned about the Pakistan High Commissioner. [size=2]",0,1555409436,IND
5129507,356,IND50419,50419,12-Apr-19,2019,1,Protest/Riot,Violent demonstration,Rioters (India),Students (India),5,Police Forces of India (2014-),,1,15,Southern Asia,India,Haryana,Karnal,Karnal,Karnal,29.6919,76.9844,1,Chandigarh Tribune,Subnational,"On 12 April, scores of ITI students threw stones at police, vandalised an ATM and a tent shop during a demonstration at ITI Chowk on National Highway-44 in Karnal city (Haryana) after a fellow student was run over and died the previous day. Police fired teargas, fired in the air and lathicharged rioters; 26 police personnel and 7 students were injured. [size=scores]",0,1555409436,IND
5129516,356,IND50424,50424,12-Apr-19,2019,1,Protest/Riot,Peaceful protest,Protesters (India),Students (India),6,,,0,60,Southern Asia,India,NCT of Delhi,New Delhi,,Delhi-New Delhi,28.6357,77.2244,1,Hindustan Times (India),National,"On 12 April, scores of students from various schools across the city demonstrated outside the Union ministry of environment forest and climate change in Delhi (NCT of Delhi) to oppose climate change. The demonstration is part of the 'Fridays for Future' movement to demonstrate against the inaction of governments to stem climate change. [size=scores]",0,1555409436,IND
5129592,356,IND50427,50427,12-Apr-19,2019,1,Protest/Riot,Peaceful protest,Protesters (India),Teachers (India),6,,,0,60,Southern Asia,India,Punjab,Bathinda,Bathinda,Bathinda,30.2108,74.9452,1,Chandigarh Tribune,Subnational,"On 12 April, members of the Democratic Teachers' Front held a demonstration at Ambedkar Park in Bathinda city (Punjab) to demand action against a teacher who allegedly attacked the union president. [size=no report]",0,1555409436,IND
5129593,356,IND50430,50430,12-Apr-19,2019,2,Protest/Riot,Peaceful protest,Protesters (India),Teachers (India),6,,,0,60,Southern Asia,India,Punjab,Ludhiana,Jagraon,Jagraon,30.7878,75.4739,1,Chandigarh Tribune,Subnational,"Between 6 April and 12 April, LR DAV College teachers held a dharna at the school in Jagraon town (Ludhiana, Punjab) to demand payment of salaries for the past five months. [size=no report]",0,1555409436,IND
5129626,356,IND50420,50420,12-Apr-19,2019,1,Protest/Riot,Mob violence,Rioters (India),Vigilante Group (India); Civilians (India); Hindu Group (India),5,Police Forces of India (2014-),,1,15,Southern Asia,India,Haryana,Panchkula,Panchkula,Panchkula,30.6946,76.8504,1,Chandigarh Tribune,Subnational,"On 12 April, a policeman was beaten by a group of persons in Panchkula city (Haryana) after he allegedly tried to molest a female devotee at Mansa Devi temple. No injuries were reported. [size=no report]",0,1555409436,IND
5129653,356,IND50436,50436,12-Apr-19,2019,1,Protest/Riot,Mob violence,Rioters (India),,5,Civilians (India),Dalit Caste Group (India),7,57,Southern Asia,India,Uttar Pradesh,Azamgarh,Lalganj,Nawapura,26.1242,83.0967,1,Indian Express,National,"On 12 April, unidentified persons vandalised and broke a statue of Ambedkar (former Dalit leader) in Nawapura village (Azamgarh, Uttar Pradesh). [size=no report]",0,1555409436,IND
5129655,356,IND50452,50452,12-Apr-19,2019,1,Protest/Riot,Mob violence,Rioters (India),,5,Civilians (India),DMK: Dravida Munnetra Kazhagam,7,57,Southern Asia,India,Tamil Nadu,Chennai,Chennai,Chennai,13.0878,80.2784,1,DNA Daily News and Analysis,National,"On 12 Apr, in Chennai (Chennai, TN), unidentified rioters hurled a petrol bomb at a house of a local DMK functionary, damaging a car. No casualties were reported. The AMMK is accused of perpetrating the attack but this has not been confirmed. [size=no report]",0,1555409436,IND
5129723,356,IND50456,50456,12-Apr-19,2019,1,Protest/Riot,Mob violence,Rioters (India),,5,Police Forces of India (2014-) Central Reserve Police Force,,1,15,Southern Asia,India,Jammu and Kashmir,Srinagar,Srinagar North,Srinagar,34.0857,74.8056,1,Chandigarh Tribune,National,"On 12 Apr, a CRPF trooper was injured when unknown persons threw a petrol bomb at a CRPF bunker in the Gojwara area of Srinagar city (J&K). [size=no report]",0,1555409436,IND
5129745,356,IND50441,50441,12-Apr-19,2019,1,Protest/Riot,Peaceful protest,Protesters (India),,6,,,0,60,Southern Asia,India,Odisha,Balasore,Bhograi,Bhograi,21.6558,87.3553,2,Orissa TV,National,"On 12 April, villagers held a protest at Janardhan High School in Barbatia village under Bhogarai block in Balasore (Odisha) against the headmaster and physical education teacher of the school for torturing and misbehaving with girl students. [size=no report]",0,1555409436,IND
5129377,356,IND50397,50397,11-Apr-19,2019,1,Protest/Riot,Mob violence,Rioters (India),BJP: Bharatiya Janata Party,5,Rioters (India),INC: Indian National Congress,5,55,Southern Asia,India,Manipur,Thoubal,Thoubal,Khangabok,24.6158,94.0064,1,Sangai Express; Imphal Free Press,Subnational,"On April 11, BJP supporters vandalised and destroyed properties of the Congress party office building in Khangabok village (Thoubal, Manipur), during the first day of the Parliamentary elections. There was a clash between INC and BJP workers, and one woman was seriously injured. [size=no report].",0,1555409436,IND
5129383,356,IND50393,50393,11-Apr-19,2019,1,Protest/Riot,Mob violence,Rioters (India),BJP: Bharatiya Janata Party,5,Rioters (India),,5,55,Southern Asia,India,Arunachal Pradesh,Kurung Kumey,Nyapin,Nyapin,27.8013,93.3333,2,Assam Tribune,National,"On April 11, one person died in poll-related violence at Nyapin area (Kurung Kumey, Arunachal Pradesh), during the first phase of the Parliamentary elections. The man was a supporter of BJP. [size=no report]",1,1555409436,IND
5129399,356,IND50386,50386,11-Apr-19,2019,1,Protest/Riot,Mob violence,Rioters (India),BJP: Bharatiya Janata Party; Private Security Forces (India),5,Police Forces of India (2014-),,1,15,Southern Asia,India,West Bengal,Cooch Behar,Cooch Behar,Cooch Behar,26.3354,89.4469,1,News 18 (India),National,"On April 11, a BJP candidate and his supporters held a dharna in front of the district magistrate's office in Cooch Behar city (Cooch Behar, West Bengal), demanding a re-poll in 500 booths where state police was deployed alleging rigging during the first day of the Parliamentary elections. His security guards clash with the police. [size=no report]",0,1555409436,IND
5129421,356,IND50262,50262,11-Apr-19,2019,1,Protest/Riot,Protest with intervention,Protesters (India),Farmers (India),6,Police Forces of India (2014-),,1,16,Southern Asia,India,Gujarat,Rajkot,Rajkot,Rajkot,22.2916,70.7932,1,Ahmedabad Mirror,Subnational,"On 11 April, about 300 farmers gathered at Bahumali Bhavan in Rajkot town (Gujarat) for a protest rally for crop insurance to proceed to the Collector's office. The farmers were stopped by the police, who detained 34 people, including 26 men and 8 women. [size=about 300]",0,1555409436,IND
5129433,356,IND50298,50298,11-Apr-19,2019,1,Violence against civilians,Attack,TDP: Telugu Desam Party,Government of India (2014-),3,Civilians (India),"YSRCP: Yuvajana, Sramika, Rythu Congress Party",7,37,Southern Asia,India,Andhra Pradesh,Kadapa,Yerraguntla,Yerraguntla,14.6423,78.534,2,New Indian Express,Subnational,"On 11 Apr, in Duvvuru Yerraguntla (Kadapa, AP), a TDP MP (C M Ramesh) assaulted a YSRCP activist at a polling station during the AP general elections in Potladurthi village. [size=no report]",0,1555409436,IND
5129458,356,IND50269,50269,11-Apr-19,2019,1,Protest/Riot,Mob violence,Rioters (India),JSP: Jana Sena Party; Government of India (2014-),5,Police Forces of India (2014-),,1,15,Southern Asia,India,Andhra Pradesh,Anantapur,Guntakal,Guntakal,15.1711,77.3624,2,Free Press Journal (India),National,"On 11 Apr, in Guntakal tehsil (Anantapur, AP), during the AP general elections, a former MLA and contesting candidate of JSP (Madhusudan Gupta) smashed an Electronic Voting Machine (EVM) and shouted at polling personnel alleging that party symbols were not properly printed on the ballot unit. The rioter was arrested. [size=1]",0,1555409436,IND
5129463,356,IND50247,50247,11-Apr-19,2019,1,Protest/Riot,Peaceful protest,Protesters (India),Labour Group (India),6,,,0,60,Southern Asia,India,Punjab,Bathinda,Bathinda,Bathinda,30.2108,74.9452,1,Chandigarh Tribune,Subnational,"On 11 April, members of the Punjab UT Mulazam and Pensioners' Sangharsh Committee demonstrated in front of the district administrative complex, and carried out a demonstration march in Bathinda city (Punjab) to press their demand for regular jobs and old pension scheme implementation. [size=no report]",0,1555409436,IND
5129467,356,IND50249,50249,11-Apr-19,2019,1,Protest/Riot,Peaceful protest,Protesters (India),Labour Group (India),6,,,0,60,Southern Asia,India,Punjab,Fatehgarh Sahib,Fatehgarh Sahib,Sirhind-Fatehgarh,30.6432,76.3842,1,Chandigarh Tribune,Subnational,"On 11 April, members of the Punjab Rice Millers Association held a dharna at the FCI depot in Sirhind-Fatehgarh city (Fatehgarh Sahib, Punjab). The demonstrators raised slogans against the area manager of the FCI who they accused of harassment and demanding bribe. [size=no report]",0,1555409436,IND
5129481,356,IND50346,50346,11-Apr-19,2019,1,Protest/Riot,Peaceful protest,Protesters (India),Labour Group (India),6,,,0,60,Southern Asia,India,Andhra Pradesh,Kadapa,Pulivendula,Pulivendula,14.424,78.2261,2,Asian News International,National,"On 11 Apr, in Pulivendula tehsil (Kadapa, AP), several reserved employees staged a protest against the Returning Officer, demanding his suspension, for sidelining them and giving duties to private employees during the AP general elections. [size=several]",0,1555409436,IND
5129499,356,IND50251,50251,11-Apr-19,2019,1,Protest/Riot,Peaceful protest,Protesters (India),SAD: Shiromani Akali Dal; BJP: Bharatiya Janata Party,6,,,0,60,Southern Asia,India,Punjab,Ludhiana,Ludhiana,Ludhiana,30.912,75.8537,1,Chandigarh Tribune,Subnational,"On 11 April, SAD and BJP workers and leaders held a demonstration at Tajpur Road in Ludhiana city (Punjab) and offered prayers and floral tributes to non-operational buses. The demonstrators opposed the alleged non-performance of the Congress government. [size=no report]",0,1555409436,IND
5129503,356,IND50254,50254,11-Apr-19,2019,1,Protest/Riot,Mob violence,Rioters (India),SP: Samajwadi Party,5,Police Forces of India (2014-),,1,15,Southern Asia,India,Uttar Pradesh,Amroha,Amroha,Amroha,28.9031,78.4698,1,Asian News International,National,"On 11 April, during a speech by Samajwadi Party president and former UP Chief Minister in Amroha city (Uttar Pradesh) the police lathi-charged a crowd of people who were creating a ruckus. A journalist was injured. [size=no report]",0,1555409436,IND
5123350,356,IND48985,48985,1-Apr-19,2019,1,Protest/Riot,Peaceful protest,Protesters (India),INC: Indian National Congress,6,,,0,60,Southern Asia,India,Karnataka,Dakshina Kannada,Mangaluru,Mangaluru,12.9172,74.856,1,Deccan Herald,Subnational,"On 1 Apr, at Kadri in Mangaluru city (Dakshina Kannada, Karnataka), Congress members staged a protest at the Vijaya Bank Mallikatte branch against the merger of Vijaya Bank with Bank of Baroda. [size=no report]",0,1554814195,IND
5129621,356,IND50263,50263,11-Apr-19,2019,1,Protest/Riot,Mob violence,Rioters (India),Vigilante Group (India),5,Civilians (India),,7,57,Southern Asia,India,Jharkhand,Gumla,Gumla,Gumla,23.0441,84.5375,1,Hindustan Times,National,"On 11 April, one person was killed and three others were injured in a mob attack over cutting flesh of a dead bull in Gumla district (Jharkhand). [size=no report]",1,1555409436,IND
5108977,356,IND48867,48867,30-Mar-19,2019,1,Violence against civilians,Attack,Unidentified Armed Group (India),,3,Civilians (India),,7,37,Southern Asia,India,Jammu and Kashmir,Baramulla,Baramulla,Baramulla,34.209,74.3429,1,Asian News International,National,"On 30 Mar, suspected militants shot a man dead in the main chowk of Baramulla district town (J&K).",1,1554214562,IND
5108978,356,IND48868,48868,30-Mar-19,2019,1,Violence against civilians,Attack,Sarthal Communal Militia (India),Government of India (2014-),4,Civilians (India),Police Forces of India (2014-),7,47,Southern Asia,India,Jammu and Kashmir,Kishtwar,Kishtwar,Kishtwar,33.3135,75.7673,2,Early Times (India),Subnational,"On 30 Mar, a local patwari attacked an off-duty police constable with a sharp-edged weapon at Sarthal in the Kishtwar town area (J&K) over a land dispute. The policeman received an injury to his arm.",0,1554214562,IND
5108979,356,IND48869,48869,30-Mar-19,2019,1,Violence against civilians,Attack,Military Forces of India (2014-),,1,Civilians (India),,7,17,Southern Asia,India,Jammu and Kashmir,Pulwama,Pulwama,Bandzoo,33.8272,74.9018,1,Kashmir Observer,Subnational,"On 30 Mar, two youths on a motorcycle were injured when members of the army opened fire on them at Bandzoo village (Pulwama, J&K). The youths had allegedly ignored a sign to stop.",0,1554214562,IND
5123205,356,IND48937,48937,30-Mar-19,2019,1,Violence against civilians,Attack,Unidentified Armed Group (India),,3,Civilians (India),BJP: Bharatiya Janata Party; Government of India (2014-),7,37,Southern Asia,India,Arunachal Pradesh,Longding,Wakka,Nginu,26.8352,95.3784,1,India Blooms News Service,National,"On March 30, suspected militants shot dead a former Zila Parishad Member (ZPM) at Nginu village under Wakka circle area (Longding, Arunachal Pradesh), while he returned home after attending an election campaign. Sources claimed the victim was an active member of the BJP.",1,1554814195,IND
5108708,356,IND48746,48746,27-Mar-19,2019,1,Violence against civilians,Attack,Unidentified Armed Group (India),,3,Civilians (India),,7,37,Southern Asia,India,Jammu and Kashmir,Shopian,Shopian,Kach Dorah,33.6823,74.8823,1,Kashmir Times,Subnational,"On 27 Mar, suspected militants shot and killed a man accused of being an army informant at Kach Dorah village (Shopian, J&K).",1,1554214562,IND
5108754,356,IND48725,48725,27-Mar-19,2019,1,Violence against civilians,Attack,Loni Communal Militia (India),,4,Civilians (India),BSP: Bahujan Samaj Party,7,47,Southern Asia,India,Uttar Pradesh,Ghaziabad,Ghaziabad,Loni,28.7348,77.3019,1,The Hindu,National,"On 27 March, a BSP worker was shot dead by unidentified persons in Loni town (Ghaziabad, Uttar Pradesh). The attack may be the result of a property dispute.",1,1554214562,IND
5108526,356,IND48662,48662,25-Mar-19,2019,1,Violence against civilians,Attack,Unidentified Armed Group (India),,3,Civilians (India),Former Government of India (2014-); BJD: Biju Janata Dal,7,37,Southern Asia,India,Odisha,Kendujhar,Anandapur,Dhakotha,21.3178,86.0799,1,Orissa TV,Subnational,"On 25 March, former block chairman and ex-MLA candidate from Ghasipura assembly constituency, Ram Chandra Behera, was hacked to death at Dhakotha village in Anandapur area (Keonjhar, Odisha). Behera was an aspiring MLA candidate of the BJD.",1,1554214562,IND
5108571,356,IND48663,48663,25-Mar-19,2019,1,Violence against civilians,Attack,Unidentified Caste Militia (India),Vigilante Group (India),4,Civilians (India),,7,47,Southern Asia,India,Maharashtra,Beed,Ambajogai,Parli,18.8505,76.5316,2,Times of India,National,"On 25 March, the husband of an NCP corporator was hacked to death in Parli-Vaijnath (Beed, Maharashtra) by an unidentified caste group which suspected he was helping members of the Shikalgar community in a kidnapping case. [size=no report]",1,1554214562,IND
5076313,356,IND48475,48475,21-Mar-19,2019,1,Violence against civilians,Attack,Unidentified Armed Group (India),,3,Civilians (India),BJP: Bharatiya Janata Party; Government of India (2014-),7,37,Southern Asia,India,Uttar Pradesh,Lakhimpur-Kheri,Lakhimpur,Lakhimpur,27.9482,80.7793,1,Asian News International,Regional,"On 21 March, a BJP MLA was shot and wounded by unidentified persons in Lakhimpur city (Lakhimpur-Kheri, Uttar Pradesh). A motive for the attack was not reported.",0,1553639133,IND
5076298,356,IND48459,48459,21-Mar-19,2019,1,Violence against civilians,Attack,PLFI: People's Liberation Front of India,,2,Civilians (India),,7,27,Southern Asia,India,Jharkhand,Gumla,Kamdara,Turundu,22.9005,84.9688,1,South Asia Terrorism Portal,Other,"On 21 March, two members of a family were killed and two others sustained injuries when cadres of the Peoples' Liberation Front of India (PLFI), a splinter group of the Communist Party of India-Maoist (CPI-Maoist), barged into their house in Turundu village under Kamdara Police Station (Gumla, Jharkhand) and opened fire. Police suspect that refusal in payment of extortion amount might be a probable reason for the attack.",2,1553639133,IND
5076221,356,IND48383,48383,20-Mar-19,2019,2,Violence against civilians,Attack,Sikandarpur Communal Militia (India),,4,Civilians (India),,7,47,Southern Asia,India,Punjab,Fatehgarh Sahib,Bassi Pathana,Sikandarpur,30.7369,76.4776,1,Chandigarh Tribune,Subnational,"Between 14 March and 20 March, three persons were critically injured after a group of residents including the family members of a former sarpanch attacked them with sharp weapons in Sikandarpur village (Fatehgarh Sahib, Punjab). The injured persons and some of their family members had objected to the killing of a stray bull earlier.",0,1553639132,IND
5076216,356,IND48378,48378,19-Mar-19,2019,1,Violence against civilians,Attack,Unidentified Armed Group (India),,3,Civilians (India),BJP: Bharatiya Janata Party; Government of India (2014-),7,37,Southern Asia,India,Assam,Cachar,Udharbond,Lathigram,24.8956,92.8505,2,India Blooms News Service,National,"On March 19, a BJP village panchayat president was shot dead by unidentified armed men near his residence in Lathigram area (Cachar, Assam), while he was returning to home after attending a party meeting.",1,1553639132,IND
5129677,356,IND50287,50287,11-Apr-19,2019,2,Violence against civilians,Abduction/forced disappearance,TDP: Telugu Desam Party,,3,Civilians (India),"YSRCP: Yuvajana, Sramika, Rythu Congress Party",7,37,Southern Asia,India,Andhra Pradesh,Guntur,Narasaraopet,Narasaraopet,16.2349,80.0493,2,New Indian Express,Subnational,"Assumed on 11 Apr, in Narasaraopet tehsil (Guntur, AP), TPD activists abducted a YSRCP agent at Srinivasa Girijana Colony of Narasaraopet in an attempt to occupy a polling booth during the AP general elections. [size=no report]",0,1555409436,IND
5129671,356,IND50232,50232,10-Apr-19,2019,2,Violence against civilians,Attack,Unidentified Armed Group (India),,3,Civilians (India),SDF: Sikkim Democratic Front,7,37,Southern Asia,India,Sikkim,West Sikkim,Soreng,Tadong,27.3025,88.6022,1,Northeast Live,Subnational,"On April 10, an SDF supporter was found dead in Tadong village near Gangtok city (East Sikkim, Sikkim). The incident happened ahead of first phase of the Sikkim State Assembly and Parliamentary elections, to be held on April 11.",1,1555409436,IND
5129658,356,IND50189,50189,9-Apr-19,2019,1,Violence against civilians,Attack,Unidentified Armed Group (India),,3,Civilians (India),GNLF: Gorkha National Liberation Front,7,37,Southern Asia,India,West Bengal,Kalimpong,Kalimpong,Kalimpong,27.0705,88.4752,2,Siliguri Times,Subnational,"On April 9, a GNLF leader was attacked with sharp weapons by unidentified men in Kalimpong area (Kalimpong, West Bengal), when he had gone for a football practice in the local area. The victim was critically injured and sent to hospital.",0,1555409436,IND
5129669,356,IND50064,50064,6-Apr-19,2019,1,Violence against civilians,Attack,NSCN-IM: National Socialist Council of Nagaland-Isak Muivah,,2,Civilians (India),NEIDP: North East India Development Party,7,27,Southern Asia,India,Manipur,Senapati,Senapati,Senapati,25.2676,94.0204,2,Northeast Live; Sangai Express,Subnational,"On April 6, 4-5 suspected NSCN-IM armed cadres attempted to forcibly get a NEIDP candidate inside their vehicle in Senapati city area (Senapati, Manipur), after a meeting during his election campaign. His supporters intervened and secured him from the attackers.",0,1555409436,IND
5123463,356,IND49116,49116,3-Apr-19,2019,1,Violence against civilians,Attack,Unidentified Armed Group (India),,3,Civilians (India),JKPDP: Jammu and Kashmir Peoples Democratic Party; Government of India (2014-),7,37,Southern Asia,India,Jammu and Kashmir,Kulgam,Kulgam,Shalipur,33.6882,75.0043,1,Kashmir Times,Subnational,"On 3 Apr, a local panch, formerly associated with JKPDP, was shot and wounded by suspected militants at his house in Shalipora village (Kulgam, J&K). He died from his injuries the following day.",1,1554814195,IND
5129433,356,IND50298,50298,11-Apr-19,2019,1,Violence against civilians,Attack,TDP: Telugu Desam Party,Government of India (2014-),3,Civilians (India),"YSRCP: Yuvajana, Sramika, Rythu Congress Party",7,37,Southern Asia,India,Andhra Pradesh,Kadapa,Yerraguntla,Yerraguntla,14.6423,78.534,2,New Indian Express,Subnational,"On 11 Apr, in Duvvuru Yerraguntla (Kadapa, AP), a TDP MP (C M Ramesh) assaulted a YSRCP activist at a polling station during the AP general elections in Potladurthi village. [size=no report]",0,1555409436,IND
4558760,356,IND47051,47051,25-Feb-19,2019,1,Violence against civilians,Attack,Unidentified Armed Group (India),,3,Civilians (India),INC: Indian National Congress,7,37,Southern Asia,India,Andhra Pradesh,Visakhapatnam,Visakhapatnam,Visakhapatnam,17.68,83.2016,1,Asian News International; The Hindu,National-Regional,"On 25 Feb, in Visakhapatnam city (Visakhapatnam, AP), a former corporator from Congress (B. Vijaya Reddy) was stabbed dead by unidentified assailants.",1,1552576395,IND
4561389,356,IND46431,46431,17-Feb-19,2019,1,Violence against civilians,Attack,Police Forces of India (2014-),,1,Civilians (India),Prisoners (India),7,17,Southern Asia,India,Manipur,Bishnupur,Moirang,Keibul,24.4809,93.811,1,Time8 (India),Subnational,"On February 17, a man in police custody died in the police station in Keibul village near the National Park (Bishnupur, Manipur). The man had been detained on charges of killing a wild boar, and the police alleged he committed suicide by hanging himself.",1,1552576398,IND
4561848,356,IND46392,46392,16-Feb-19,2019,1,Violence against civilians,Attack,TMC: Trinamool Congress Party,,3,Civilians (India),CPI(M): Communist Party of India (Marxist),7,37,Southern Asia,India,West Bengal,North 24 Parganas,Amdanga,Baichhigachhi,22.8015,88.456,1,Times of India,National,"On February 16, a least six CPM supporters were beaten up and threatened by a group of TMC workers with fire arms, in Boinchigachhi village under Taraberia gram panchayat in Amdanga area (North 24 Parganas, West Bengal), over control of the panchayat. They later took shelter at the CPM party office in nearby Barasat district.",0,1552576399,IND
